Img Load Time , ResponseCode
146 , 200
8 , 200
8 , 200
7 , 200
8 , 200
8 , 200
10 , 200
8 , 200
8 , 200
8 , 200
8 , 200
8 , 200
8 , 200
7 , 200
8 , 200
8 , 200
7 , 200
8 , 200
8 , 200
9 , 200
7 , 200
7 , 200
8 , 200
8 , 200
8 , 200
8 , 200
8 , 200
7 , 200
7 , 200
7 , 200
7 , 200
8 , 200
8 , 200
7 , 200
7 , 200
8 , 200
8 , 200
8 , 200
8 , 200
7 , 200
7 , 200
7 , 200
7 , 200
8 , 200
8 , 200
7 , 200
8 , 200
8 , 200
8 , 200
7 , 200
8 , 200
8 , 200
8 , 200
8 , 200
8 , 200
7 , 200
7 , 200
7 , 200
7 , 200
